File,Title,Summary,Glossary,Outline,Image,Markdown
"""Aurelius_1464_LFeBk.pdf""",The Meditations of Marcus Aurelius Antoninus: Translation and Context,"This document provides a detailed account of the translation of ""The Meditations"" by Marcus Aurelius, undertaken by Francis Hutcheson and James Moor in the 18th century, including the motivations behind the translation, the division of translation responsibilities between Hutcheson and Moor, and the contextual significance of their work in relation to Enlightenment thought and Stoic philosophy.","<table border=""1"">
<thead><tr><th>Term</th><th>Definition</th></tr></thead>
<tbody>
<tr><td>- **Meditations**</td><td>A series of personal writings by Marcus Aurelius, reflecting his thoughts on Stoic philosophy and guidance for self-improvement.</td></tr>
<tr><td>- **Stoicism**</td><td>An ancient Greek philosophy that emphasizes rationality, self-control, and virtue as the path to happiness.</td></tr>
<tr><td>- **Translation**</td><td>The process of converting text from one language to another; in this case, from Greek to English.</td></tr>
<tr><td>- **Francis Hutcheson**</td><td>An 18th-century philosopher who contributed to moral philosophy and was involved in the translation of ""The Meditations.""</td></tr>
<tr><td>- **James Moor**</td><td>A scholar and collaborator with Hutcheson, credited with assisting in the translation of ""The Meditations.""</td></tr>
<tr><td>- **Foulis Press**</td><td>A publishing house in Glasgow known for printing classical texts, including the edition of ""The Meditations.""</td></tr>
<tr><td>- **Natural Law**</td><td>A philosophy asserting that certain rights or values are inherent in human nature and universal, applicable to all individuals.</td></tr>
<tr><td>- **Enlightenment**</td><td>An intellectual movement in the 17th and 18th centuries emphasizing reason, individualism, and skepticism of traditional authority.</td></tr>
</tbody></table>","<ul>
<li>1. Introduction</li>
<li>1.1 Overview of the Translation</li>
<li>1.2 Significance of the Work</li>
<li>2. The Translators: Hutcheson and Moor</li>
<li>2.1 Responsibilities in Translation</li>
<li>2.2 Contributions to Understanding Stoicism</li>
<li>3. Contextual Influences on the Translation</li>
<li>3.1 Stylistic Motivations</li>
<li>3.2 Other Editions and Philosophical Influences</li>
<li>4. Conclusion</li>
<li>4.1 Impact on Enlightenment Thought</li>
<li>4.2 Legacy of the Translation</li>
</ul>",Aurelius_1464_LFeBk.png,Aurelius_1464_LFeBk.md
